{"cameraMode":{"drawMode":0,"name":"Shaded","section":"Shading Mode"},"sceneLighting":false,"audioPlay":false,"sceneViewState":{"m_AlwaysRefresh":false,"showFog":true,"showSkybox":false,"showFlares":true,"showImageEffects":true,"showParticleSystems":true,"showVisualEffectGraphs":true,"m_FxEnabled":true},"in2DMode":false,"pivot":{"x":3.5585556030273439,"y":12.13604736328125,"z":-15.210426330566407},"rotation":{"x":0.008047555573284626,"y":0.759430468082428,"z":-0.009314709343016148,"w":0.6505154371261597},"size":0.8956975936889648,"orthographic":false}